{
  "project_info": {
    "project_number": "191200325895",
    "firebase_url": "https://livesnaps-a01c8.firebaseio.com",
    "project_id": "livesnaps-a01c8",
    "storage_bucket": "livesnaps-a01c8.appspot.com"
  },
  "client": [
    {
      "client_info": {
        "mobilesdk_app_id": "1:191200325895:android:d0ed98fdc792cbff6dd5a2",
        "android_client_info": {
          "package_name": "com.snapchat.kit.creativesample"
        }
      },
      "oauth_client": [
        {
          "client_id": "191200325895-8l4sboicli1cmia52qjdfns4sr0nfste.apps.googleusercontent.com",
          "client_type": 3
        }
      ],
      "api_key": [
        {
          "current_key": "AIzaSyAvTwdOMkys3Yd8fXOnMf_6Qbc9ikYFp_w"
        }
      ],
      "services": {
        "appinvite_service": {
          "other_platform_oauth_client": [
            {
              "client_id": "191200325895-8l4sboicli1cmia52qjdfns4sr0nfste.apps.googleusercontent.com",
              "client_type": 3
            }
          ]
        }
      }
    }
  ],
  "configuration_version": "1"
}